route_id,start_location,end_location,transport_mode,filename
accc1702-bb7f-4080-8145-30c503d88414,Jaipur,New Delhi,auto,accc1702-bb7f-4080-8145-30c503d88414.geojson
ee4b4ff0-d86e-446c-8c99-0d8a17b0538b,Jaipur,Jaipur,auto,ee4b4ff0-d86e-446c-8c99-0d8a17b0538b.geojson
79e36ef6-100b-493b-a587-0dac56d1416c,New Delhi,Agra,auto,79e36ef6-100b-493b-a587-0dac56d1416c.geojson
4353f3cc-3987-453c-bb63-969e006d468f,Jaipur,Agra,auto,4353f3cc-3987-453c-bb63-969e006d468f.geojson
4dbfdf96-30ea-407b-8ab3-e6d60f8f9cb6,Calicut,Fort Cochin,auto,4dbfdf96-30ea-407b-8ab3-e6d60f8f9cb6.geojson
7a957094-a1db-46d8-bc2b-082910d2028e,Fort Cochin,Alleppey,auto,7a957094-a1db-46d8-bc2b-082910d2028e.geojson
fc981513-ee74-4a1c-9ee3-71440c9d1c13,Allepy,Bangalore,auto,fc981513-ee74-4a1c-9ee3-71440c9d1c13.geojson
5e34b6d4-578b-4770-988e-7db424f1ca15,Bangalore,Mysore,auto,5e34b6d4-578b-4770-988e-7db424f1ca15.geojson
cd97717c-28c7-4a1c-8d3d-6d55eb27c1e9,Mysore,Gokarna,auto,cd97717c-28c7-4a1c-8d3d-6d55eb27c1e9.geojson
924b9c99-5104-4144-8ad6-93777c8fa2e3,Gokarna,Panaji,auto,924b9c99-5104-4144-8ad6-93777c8fa2e3.geojson
4e6d134f-4ada-488b-98c9-1160ca93e198,Bangalore,Anjuna,auto,4e6d134f-4ada-488b-98c9-1160ca93e198.geojson
8035d936-1300-4b40-bede-70e0cb3bf78f,Anjuna,Panaji,auto,8035d936-1300-4b40-bede-70e0cb3bf78f.geojson
4b070063-7b41-4431-b131-e0c273020216,Pushkar,Ajmer Junction,auto,4b070063-7b41-4431-b131-e0c273020216.geojson
85a61321-6e6e-4a05-a2fb-db17419f7d62,Jaipur,Jodhpur,auto,85a61321-6e6e-4a05-a2fb-db17419f7d62.geojson
574a2e4b-b4ea-4149-8a1f-3cdd40dab4ef,Jaipur,Jawanpura,auto,574a2e4b-b4ea-4149-8a1f-3cdd40dab4ef.geojson
d8f2c60d-1d3c-491c-9519-afc97b6688e1,Jaipur,Bikaner,auto,d8f2c60d-1d3c-491c-9519-afc97b6688e1.geojson
3f582bc5-7817-46e0-8857-beecdc047e6f,Jaipur,Udaipur,auto,3f582bc5-7817-46e0-8857-beecdc047e6f.geojson
e1cb8410-64bc-4e6f-b83c-bc02255d3a60,Udaipur,Jodhpur,auto,e1cb8410-64bc-4e6f-b83c-bc02255d3a60.geojson
570fe5ae-9bab-4a28-9cfc-6ad354784dc6,Amritsar,"Manali, HImachal Pradesh",auto,570fe5ae-9bab-4a28-9cfc-6ad354784dc6.geojson
dd67df4d-d1d7-4533-81fe-8b53bfe1b6aa,"Manali, HImachal Pradesh",New Delhi,auto,dd67df4d-d1d7-4533-81fe-8b53bfe1b6aa.geojson
72c1e7e9-3717-4b76-8b01-64eb53691c07,Table Mountain,Table Mountain,hike,hike_table_mountain.geojson
f46ea3f0-7ac8-4633-9533-8592f662a476,Mt Mansfield,Mt Mansfield,hike,hike_mansfield.geojson
84366ba1-1206-4a45-a2ee-27f4cf174fb9,St John,St John,hike,hike_stj.geojson
8bbefed8-13a0-44d9-ba9e-9d0fbc1540aa,Visakhapatnam,Jagdalpur,train,train_jagdalpur_visakhapatnam.geojson
5aebe23b-bf6f-4a88-a513-ed2cbf77ea60,Amsterdam,Alkmaar,train,train_netherlands.geojson
7add9ef0-244e-4e68-86ca-a93216da57dc,Amsterdam,Utrecht,train,train_netherlands.geojson
3684a9e8-796e-46c7-b929-3d214f05748f,Ediburgh,North Berwick,train,train_edinburgh_north_berwick.geojson
89525a08-98d3-4060-985c-bf9eaf927043,Jaipur,Jodhpur,train,train_jaipur_jodhpur_ajmer.geojson
0c612966-f768-415a-a3e1-7d0b64fcc5d8,Jaipur,New Delhi,train,train_jaipur_new_delhi.geojson
21ecf5d9-4022-4129-9cbb-3ec86999df04,London,Bath,train,train_london_bath.geojson
258661ac-14ef-4e07-916e-4a388d589404,London,Inverness,train,train_edinburgh_london.geojson
3abefed5-d9e0-4bab-a02a-15a0b0f47f3f,Muiderslot,Amsterdam,auto,3abefed5-d9e0-4bab-a02a-15a0b0f47f3f.geojson
70a92c33-6251-4729-8037-197117428fb0,Ambala,Amritsar,train,train_amritsar_ambala.geojson
7b313b2f-d602-4795-8f68-9193bb60765e,Sittard,Eindhoven,train,train_netherlands.geojson
0ffa1920-2f2f-45eb-a26c-b8e04a736d9c,Sittard,Nijmegen,train,train_netherlands.geojson
3bfde888-a0cf-4c0a-bd6f-40798974597a,"Salviusstraat, Limbricht",Geleen,auto,3bfde888-a0cf-4c0a-bd6f-40798974597a.geojson
4944962e-3b69-4e8b-ad7b-66bfa362aca2,"Washington, DC","Essex, Vermont",train,train_vermonter.geojson
4c06c804-544d-44e3-9957-7ff3a10c3382,Jagdalpur,Visakhapatnam,train,train_jagdalpur_visakhapatnam.geojson
30eb22e1-b1dc-42a0-92cd-04de0d5b75ad,Ollantaytambo,Machu Picchu,train,train_machu_picchu_ollantaytambo.geojson
080605de-fbf0-4512-9420-f66abb04fbc1,Cusco,Puno,train,train_cusco_puno.geojson
8cd32eeb-081d-454e-8e59-165d53efbb38,Edinburgh,Llandudno,auto,8cd32eeb-081d-454e-8e59-165d53efbb38.geojson
b642ec95-fd59-4a2a-af5a-c1d44f189dc6,Saqsaywaman,Ollantaytambo,auto,b642ec95-fd59-4a2a-af5a-c1d44f189dc6.geojson
627855bd-4aae-4e18-a866-1e03c9836a93,Ollantaytambo,Pisac Q'allaqasa,auto,627855bd-4aae-4e18-a866-1e03c9836a93.geojson
75ce3130-d8db-4f11-bbeb-08cdc4e0e13f,Sittard,"Salviusstraat, Limbricht",auto,75ce3130-d8db-4f11-bbeb-08cdc4e0e13f.geojson
fcaa8833-50ca-4816-a971-0b96368488e3,Geleen,Brussels,auto,fcaa8833-50ca-4816-a971-0b96368488e3.geojson
fd939e73-e322-46ec-9d0a-eff0a0a2504b,Geleen,Paris,auto,fd939e73-e322-46ec-9d0a-eff0a0a2504b.geojson
7528c84c-e250-414d-ae7a-d1693f8697cd,Amsterdam,Maastricht,train,train_netherlands.geojson
2d7bf421-3de1-4a02-af3e-3d0f2674e04f,New York,"Evanston, IL",auto,2d7bf421-3de1-4a02-af3e-3d0f2674e04f.geojson
3fb7c1ee-a02c-46ca-9b55-4b7bce7c2741,"Evanston, IL",Missoula,auto,3fb7c1ee-a02c-46ca-9b55-4b7bce7c2741.geojson
8e9fc389-fd22-4760-911e-37b0bba5daf2,Missoula,Seattle,auto,8e9fc389-fd22-4760-911e-37b0bba5daf2.geojson
52c666b6-1595-4d58-95b0-4e14f8f606a4,Seattle,Olympia,auto,52c666b6-1595-4d58-95b0-4e14f8f606a4.geojson
bcba28a5-a0fd-4d5e-988f-8e66ae01bc33,Olympia,Vancouver,auto,bcba28a5-a0fd-4d5e-988f-8e66ae01bc33.geojson
e74b0cdf-fa57-4933-b18d-bc79ba960831,Olympia,Portland,auto,e74b0cdf-fa57-4933-b18d-bc79ba960831.geojson
e19534f8-ca02-4c85-ad7e-5280e6bfe334,"Burlington, VT",Montreal,auto,e19534f8-ca02-4c85-ad7e-5280e6bfe334.geojson
116247ed-0a92-4a70-aab8-49548139e26a,"Burlington, VT",New York,auto,116247ed-0a92-4a70-aab8-49548139e26a.geojson
a94835a9-86d8-48e7-b6bb-066e52684f5e,New York,"Washington, DC",auto,a94835a9-86d8-48e7-b6bb-066e52684f5e.geojson
4b359ba6-a6e1-4140-8f0e-ef75fabea98e,"Burlington, VT",New Orleans,auto,4b359ba6-a6e1-4140-8f0e-ef75fabea98e.geojson
d6220d07-9986-4766-826b-6aeaa3bdd4cc,Newark Airport,Dublin Airport,plane,great_circle_route_57.geojson
19f65cf0-565e-43d3-a46c-c9cb1477c78f,Dublin Airport,Edinburgh Airport,plane,great_circle_route_58.geojson
d2c3078a-1559-424c-839e-47e950303a1d,Montreal Airport,Anchorage Airport,plane,great_circle_route_59.geojson
7a42ccd4-8564-45c9-bac3-9783b0f1fa0f,Anchorage Airport,Beijing Airport,plane,great_circle_route_60.geojson
5c2e1b46-55ae-4497-bf73-38bd6984797b,JFK New York Airport,Anchorage Airport,plane,great_circle_route_61.geojson
d85fef0f-e801-4587-ba2c-72f27db445a6,Anchorage Airport,Taipei Airport,plane,great_circle_route_62.geojson
95dddd5f-0c44-490c-a6be-ec37098344bd,Taipei Airport,Denpasar Airport,plane,great_circle_route_63.geojson
0d7beefd-6d6a-4c4d-9e2c-95a1de53af54,Seattle Airport,Hong Kong Airport,plane,great_circle_route_64.geojson
3daa86bd-f84b-4844-94c9-01cf228b8c46,Hong Kong Airport,Denpasar Airport,plane,great_circle_route_65.geojson
c6f25157-8951-4270-8f39-9a7f8f39679d,St John,Virgin Gorda,boat,boat_stj_virgin_gorda.geojson
5c556cce-b42d-4ab1-8bfa-6baa0df7ced4,St John,Jost Van Dyke,boat,boat_stj_jost.geojson
561a9992-95d8-4aa4-8af0-9a5e0cfa7ba5,St John,Red Hook,boat,boat_stj_red_hook.geojson
6bdaf337-16a5-4634-92eb-1e6d2a3b243d,Tortola,Anegada,boat,boat_road_town_anegada.geojson
dcee2a71-02f4-492c-aa31-9bda8337f289,La Sirena Station,Drake,boat,boat_corcovado.geojson
f580aad7-27f3-4c55-b865-a258bbee92c2,Puerto Jimenez,Golfito,boat,boat_golfito.geojson
399f9f36-d5d9-4b3d-93e4-3d498181040a,Corcovado,Corcovado,hike,hike_corcovado.geojson
f2de0887-0403-4f4d-9c3f-13ddefac4dac,Amubri,Yorkin,boat,boat_yorkin_amubri.geojson
be96ada9-6375-4d94-a586-02eb8aa92d08,Cerro Chirripo,Cerro Chirripo,hike,hike_chirripo.geojson
b0fc1399-d490-4b4d-927f-fbf072f32954,JFK New York Airport,New Delhi Airport,plane,great_circle_route_75.geojson
e71787c5-ec7b-4ebc-9bbb-a323b446f9e2,Visakhapatnam Airport,Chennai Airport,plane,great_circle_route_76.geojson
ad81aa5a-f468-4a96-85d8-b098276867d0,Chennai Airport,Bangalore Airport,plane,great_circle_route_77.geojson
7a37a90d-4708-4a8c-ad22-fb295238b92d,New Delhi Airport,Calicut Airport,plane,great_circle_route_78.geojson
62f65e95-ec63-446a-a15c-195dae2ebebd,Goa Dabolim Airport,Jaipur Airport,plane,great_circle_route_79.geojson
81ac47d2-688d-48bd-8957-30d974657dbd,Jaipur (Sawai Madhopur),Mumbai,train,train_mumbai_new_delhi.geojson
8329226b-2225-42f7-aa34-83a90e4981c9,Dulles International Airport,Istanbul Airport,plane,great_circle_route_81.geojson
877c7b18-5932-47ed-b19f-a1d0c64def59,Istanbul Airport,Cape Town Airport,plane,great_circle_route_82.geojson
1b30a2d6-87f3-412c-8374-c4aa435fc8ae,Cape Town Airport,"Lome Airport, Togo",plane,great_circle_route_83.geojson
16a05482-7e13-4f70-bf4b-2d9e8883d81c,"Lome Airport, Togo",Dulles International Airport,plane,great_circle_route_84.geojson
4336c9de-3863-410c-9617-d06a7d8b80bf,Cape Town,Lambert's Bay,auto,4336c9de-3863-410c-9617-d06a7d8b80bf.geojson
fc1b0344-6e70-4067-b91d-f22067fea436,Lambert's Bay,"Norotshama River Resort, Namibia",auto,fc1b0344-6e70-4067-b91d-f22067fea436.geojson
5fa4a264-41a8-443d-bdc7-25d4d096040b,"Norotshama River Resort, Namibia","Bethanien, Namibia",auto,5fa4a264-41a8-443d-bdc7-25d4d096040b.geojson
6b2f664f-abef-4c80-81b8-4c650bb8b4ca,"Bethanien, Namibia",Keetmanshoop,auto,6b2f664f-abef-4c80-81b8-4c650bb8b4ca.geojson
360c8882-f2c4-449b-8ec1-e2b5fbad2cd8,Keetmanshoop,Sesriem,auto,360c8882-f2c4-449b-8ec1-e2b5fbad2cd8.geojson
09e68fa5-7036-4bc3-9e1b-d6b0517b5ff2,Sesriem,Walvis Bay,auto,09e68fa5-7036-4bc3-9e1b-d6b0517b5ff2.geojson
70c145dd-917d-4d16-8484-41dc5a98d031,Walvis Bay,Swakopmund,auto,70c145dd-917d-4d16-8484-41dc5a98d031.geojson
a8f3f8bc-b9c9-4c70-9416-79ecc51b1600,Swakopmund,Okaukuejo,auto,a8f3f8bc-b9c9-4c70-9416-79ecc51b1600.geojson
3cb2a3ca-c5fe-434d-9b86-6ded144fe188,Okaukuejo,Windhoek Airport,auto,3cb2a3ca-c5fe-434d-9b86-6ded144fe188.geojson
a87a9067-57ae-490d-84c6-a58b7b5101d7,Windhoek Airport,Cape Town Airport,plane,great_circle_route_94.geojson
2ddd706b-61f1-4371-821f-8570e0ea43d0,Cape Town,L'Agulhas,auto,2ddd706b-61f1-4371-821f-8570e0ea43d0.geojson
a7b24b05-218c-470a-8971-0b208a9aedf7,L'Agulhas,Skipskop,auto,a7b24b05-218c-470a-8971-0b208a9aedf7.geojson
7c687e11-56e5-4f55-bfee-c8be5b38f083,Cape Town,Robben Island,boat,boat_robben_island.geojson
93451f29-e4ee-4135-9c12-6a411e6bce3e,Cape Town,Two Oceans Restaurant,auto,93451f29-e4ee-4135-9c12-6a411e6bce3e.geojson
b9a15c17-7b26-4990-b09a-9d0ab8ef5342,Ronald Reagan Washington National Airport,Juan Santamaría International Airport,plane,great_circle_route_99.geojson
f369977b-96b5-4939-ac40-f40d8ca18cf9,Ronald Reagan Washington National Airport,"Lima Airport, Peru",plane,great_circle_route_100.geojson
208f2590-8f59-484c-ac73-9272facfb177,"Lima Airport, Peru",Alejandro Velasco Astete International Airport,plane,great_circle_route_101.geojson
ea1557da-42d7-4fa2-8cfb-df652e62a453,Juan Santamaría International Airport,El Salvador International Airport,plane,great_circle_route_102.geojson
dcae5d60-71ab-4055-a82f-ad7dff3dc303,El Salvador International Airport,San Francisco Airport,plane,great_circle_route_103.geojson
a85f78f5-4fd8-4d71-862f-551fac2bac1a,Ronald Reagan Washington National Airport,Mexico City Airport,plane,great_circle_route_104.geojson
32a5450e-e64d-4da2-87df-536de2a81769,"Cancun Airport, Mexico",Ronald Reagan Washington National Airport,plane,great_circle_route_105.geojson
04ca803a-eb84-46c0-807f-1872a98e4b26,"San Jose del Cabo Airport, Mexico",Ronald Reagan Washington National Airport,plane,great_circle_route_106.geojson
b8b50c0d-3bd4-47dc-b42d-febd00245f66,Ronald Reagan Washington National Airport,Cyril E. King Airport,plane,great_circle_route_107.geojson
91242f0e-f858-488a-b3bb-587d00ab246e,Cyril E. King Airport,Henry E. Rohlsen Airport,plane,great_circle_route_108.geojson
91d57c74-6d2f-4ad4-b0e5-ef9500d6d856,"San Juan Airport, Puerto Rico",Ronald Reagan Washington National Airport,plane,great_circle_route_109.geojson
4e510603-abea-4f72-8a0f-3026caa390a5,"San Juan Airport, Puerto Rico",Antonio Rivera Rodríguez Airport,plane,great_circle_route_110.geojson
732d762b-999b-4173-be65-9e2a63c7bd7a,"San Juan Airport, Puerto Rico",Culebra Airport,plane,great_circle_route_111.geojson
b90c9cfe-f45f-474a-af87-f82e88bc8f6a,Ronald Reagan Washington National Airport,Oahu Airport,plane,great_circle_route_112.geojson
c326ff88-3e3b-4075-88ea-86ba88d8bff2,Oahu Airport,Maui Airport,plane,great_circle_route_113.geojson
fdae1496-e9de-43f2-9845-8fcf7f63dabd,Maui Airport,Lihue Airport,plane,great_circle_route_114.geojson
954202c2-d76a-4bd7-8bc5-1e4d11a44f22,Lihue Airport,Maui Airport,plane,great_circle_route_115.geojson
3a3c1d8a-408d-4063-8a31-91a9a7597325,JFK New York Airport,Schiphol Airport,plane,great_circle_route_116.geojson
a012fe3f-cabb-4c02-be09-6e94152ec99f,JFK New York Airport,Heathrow Airport,plane,great_circle_route_117.geojson
c754b4b1-4867-4a4a-8a9b-005e4882df06,"San Juan Airport, Puerto Rico",Cyril E. King Airport,plane,great_circle_route_118.geojson
fa7f33af-aac3-40ea-b687-ef0825da318b,Alappuzha,Alappuzha,boat,boat_kerala_backwaters.geojson
e76fb89a-99d3-4aef-b9ad-383c80e9369a,Fort Cochin,Fort Cochin,boat,boat_fort_kochi.geojson
5be7b04f-c141-48e8-b2a1-6555a316d624,Istanbul,Istanbul,boat,boat_istanbul.geojson
bbcb9b44-588b-49db-8373-7ca326cb56ed,"Portland, OR","Lincoln City, OR",auto,bbcb9b44-588b-49db-8373-7ca326cb56ed.geojson
a41706a9-ce89-4d3d-8dcd-2374682e7c8c,"Lincoln City, OR","Crescent City, CA",auto,a41706a9-ce89-4d3d-8dcd-2374682e7c8c.geojson
08d006a8-9d46-43a6-b9e4-db8444a680b7,"Crescent City, CA","Eureka, CA",auto,08d006a8-9d46-43a6-b9e4-db8444a680b7.geojson
a566bafe-02e3-4367-ad77-a007a0617184,Edinburgh,Stirling,auto,a566bafe-02e3-4367-ad77-a007a0617184.geojson
e314d2c3-8c23-497f-bd72-eb22123aaf6a,Stirling,"Mallaig, UK",auto,e314d2c3-8c23-497f-bd72-eb22123aaf6a.geojson
b3e3e70a-4379-4558-94b6-670f7fa2bd3a,"Mallaig, UK","Fort William, UK",auto,b3e3e70a-4379-4558-94b6-670f7fa2bd3a.geojson
6299c7a1-4f85-4dfe-8756-c8072b99d6f5,"Mallaig, UK",Inverness,auto,6299c7a1-4f85-4dfe-8756-c8072b99d6f5.geojson
c048b615-7f61-41c9-a9d7-e1f5d41bca54,Kyle of Lochalsh,Garrafad,auto,c048b615-7f61-41c9-a9d7-e1f5d41bca54.geojson
dd52c565-17e0-4437-a6ab-ebcd6fff364d,Kyle of Lochalsh,Rubha Phoil,auto,dd52c565-17e0-4437-a6ab-ebcd6fff364d.geojson
aca22bf2-4129-4d8b-95a6-587cd0f94264,"Mallaig, UK",Isle of Skye,boat,boat_mallaig_ferry.geojson
4a58becc-194a-46ca-af95-87e808cd06aa,"Fort William, UK",Invergarry,auto,4a58becc-194a-46ca-af95-87e808cd06aa.geojson
ef5f88fe-27c8-4f92-9365-4f1a59b9248a,Invergarry,Kyle of Lochalsh,auto,ef5f88fe-27c8-4f92-9365-4f1a59b9248a.geojson
af548f3a-f3ad-4f3c-acac-9f210bc9acc5,Llandudno,London,auto,af548f3a-f3ad-4f3c-acac-9f210bc9acc5.geojson
6e1b4367-6098-4a9b-a652-d217a7c68951,Amritsar,Attari-Wagah,auto,6e1b4367-6098-4a9b-a652-d217a7c68951.geojson
c9b1f0b4-01fa-4f1c-8f2c-c74bb8e4564a,"Liberia, Costa Rica","Managua, Nicaragua",auto,c9b1f0b4-01fa-4f1c-8f2c-c74bb8e4564a.geojson
95866f6a-10e7-44b1-a86c-ccfdfb4e20ba,"Managua, Nicaragua","Tegucigalpa, Honduras",auto,95866f6a-10e7-44b1-a86c-ccfdfb4e20ba.geojson
e6601f0d-daf5-4096-ab9e-236f25b1e573,"Tegucigalpa, Honuduras","San Pedro Sula, Honduras",auto,e6601f0d-daf5-4096-ab9e-236f25b1e573.geojson
8caee717-a964-49c3-82b0-264e28f5d6a2,"San Pedro Sula, Honduras","Puerto Cortes, Honduras",auto,8caee717-a964-49c3-82b0-264e28f5d6a2.geojson
77641565-3831-423d-9a05-530ed970258b,"Puerto Cortes, Honduras","Placencia, Belize",boat,boat_belize_honduras.geojson
db3b864b-ec75-424d-b164-4c82c66478ac,"Independence, Belize","Belmopan, Belize",auto,db3b864b-ec75-424d-b164-4c82c66478ac.geojson
ab5e4037-7fc8-4f38-8b0a-246ccb199479,"Belmopan, Belize","Belize City, Belize",auto,ab5e4037-7fc8-4f38-8b0a-246ccb199479.geojson
7371bcdf-0dfc-4c54-9bfd-9d731310819a,"Belize City, Belize","Caye Caulker, Belize",boat,boat_belize_city_caye_caulker.geojson
c44fadfb-fede-4a0b-a80c-0ca2a54ff9d7,"Belize City, Belize","Flores, Guatemala",auto,c44fadfb-fede-4a0b-a80c-0ca2a54ff9d7.geojson
0b9f5795-9044-4eae-9800-3af0377d812c,"Flores, Guatemala",Tikal,auto,0b9f5795-9044-4eae-9800-3af0377d812c.geojson
d02c1df7-cc7a-4e95-8307-484ef78c32ac,"Flores, Guatemala","Guatemala City, Guatemala",auto,d02c1df7-cc7a-4e95-8307-484ef78c32ac.geojson
ff6d6205-2d7d-4d87-be21-4918caef743c,"Guatemala City, Guatemala","Antigua, Guatemala",auto,ff6d6205-2d7d-4d87-be21-4918caef743c.geojson
0de81549-a3fb-4c9f-bede-0ffbfbea9132,"Antigua, Guatemala","Lago Atitlan, Guatemala",auto,0de81549-a3fb-4c9f-bede-0ffbfbea9132.geojson
acc59505-6603-4af0-b72d-da16ddc5448e,"Lago Atitlan, Guatemala","Tajumulco, Guatemala",auto,acc59505-6603-4af0-b72d-da16ddc5448e.geojson
34409866-09a2-4c90-af2b-4778a1385271,"Tajumulco, Guatemala","Tajumulco, Guatemala",auto,34409866-09a2-4c90-af2b-4778a1385271.geojson
322aad23-5487-4bef-a6fb-55e043c82ebf,"Tajumulco, Guatemala","Guatemala City, Guatemala",auto,322aad23-5487-4bef-a6fb-55e043c82ebf.geojson
a37eabd1-9efd-4973-bbb7-fcbe0f82cd19,"Guatemala City, Guatemala","San Salvador, El Salvador",auto,a37eabd1-9efd-4973-bbb7-fcbe0f82cd19.geojson
a9dd6561-b112-41d9-be40-f1c33d5f0e16,"San Salvador, El Salvador","Managua, Nicaragua",auto,a9dd6561-b112-41d9-be40-f1c33d5f0e16.geojson
f36e6c1c-b064-4578-b1b3-ccf86f04e525,"Ometepe, Nicaragua","Rivas, Nicaragua",boat,boat_ometepe.geojson
5bafdaa0-2ef3-4a29-9140-bff136dc166d,"Managua, Nicaragua","San Juan del Sur, Nicaragua",auto,5bafdaa0-2ef3-4a29-9140-bff136dc166d.geojson
a0e1c3cb-0e12-475b-9a36-2efe92d64d5c,"Managua, Nicaragua","Granada, Nicaragua",auto,a0e1c3cb-0e12-475b-9a36-2efe92d64d5c.geojson
33c3b808-7a7b-417e-859e-01fc8b33d297,"Granada, Nicaragua","San Juan del Sur, Nicaragua",auto,33c3b808-7a7b-417e-859e-01fc8b33d297.geojson
748c178a-df30-4cf3-9a6c-4c5a298552ba,Juan Santamaría International Airport,"Colon, Costa Rica",auto,748c178a-df30-4cf3-9a6c-4c5a298552ba.geojson
c9c2101a-1e1c-43aa-ad86-f0b9186f6967,"Colon, Costa Rica","Jaco, Costa Rica",auto,c9c2101a-1e1c-43aa-ad86-f0b9186f6967.geojson
4703c445-3cbf-492b-a0d2-c80c9795a93e,San Isidro de El General,Puerto Jimenez,auto,4703c445-3cbf-492b-a0d2-c80c9795a93e.geojson
3c21e62f-4ac9-4230-8fd0-d3cde9ee156d,"Colon, Costa Rica",San Isidro de El General,auto,3c21e62f-4ac9-4230-8fd0-d3cde9ee156d.geojson
d37f01ac-901a-4135-9bdb-d9115ebdc7f9,Puerto Jimenez,"Carate, Costa Rica",auto,d37f01ac-901a-4135-9bdb-d9115ebdc7f9.geojson
0de1b531-30c3-4fbb-9bd4-9fa7e6259243,"Quepos, Costa Rica","Playa Manuel Antonio, Costa Rica",auto,0de1b531-30c3-4fbb-9bd4-9fa7e6259243.geojson
66f9b2fb-6142-4ad1-8b1a-bcb754eee772,"Jaco, Costa Rica",Puerto Jimenez,auto,66f9b2fb-6142-4ad1-8b1a-bcb754eee772.geojson
bb0c6ff6-bba6-4d43-b2b8-cb369879de9a,"Parrita, Costa Rica","Quepos, Costa Rica",auto,bb0c6ff6-bba6-4d43-b2b8-cb369879de9a.geojson
3fedd7e5-4d40-412d-a2d6-8f64ca2f1b7d,Puerto Jimenez,Drake Bay Airport,auto,3fedd7e5-4d40-412d-a2d6-8f64ca2f1b7d.geojson
5c3a5843-d278-47e6-acd5-98ef54e67c85,San Isidro de El General,Chirripo Trailhead,auto,5c3a5843-d278-47e6-acd5-98ef54e67c85.geojson
a3025983-9b85-4f0b-bea6-6bc8edc637fa,"Colon, Costa Rica",Puntarenas,auto,a3025983-9b85-4f0b-bea6-6bc8edc637fa.geojson
39d0802e-623e-4e36-adeb-ef1c312723bf,Ferry Paquera,Puerto Paquera,boat,boat_puntarenas.geojson
7928aa52-1aaa-4358-9587-df517658a6c9,Playa las Manchas,Paquera,auto,7928aa52-1aaa-4358-9587-df517658a6c9.geojson
15ead51d-0380-44e4-aa73-b6841e01a2ea,"Colon, Costa Rica",Bijagua de Upala,auto,15ead51d-0380-44e4-aa73-b6841e01a2ea.geojson
c6074105-3888-4d05-90a2-ac2716c4c219,Juan Santamaría International Airport,"Liberia, Costa Rica",auto,c6074105-3888-4d05-90a2-ac2716c4c219.geojson
4a52fead-a398-4a64-9664-e522b6439ffe,"Colon, Costa Rica",MonteverdeReserva biológica Bosque Nuboso Monteverde,auto,4a52fead-a398-4a64-9664-e522b6439ffe.geojson
2b49d2c8-f928-4cb9-93bc-b84af5e81558,"Colon, Costa Rica",Poasito,auto,2b49d2c8-f928-4cb9-93bc-b84af5e81558.geojson
40e64c63-87c0-4b34-9556-e20470e82b0d,"Colon, Costa Rica",Rincon de la Vieja,auto,40e64c63-87c0-4b34-9556-e20470e82b0d.geojson
200ff67e-409f-4943-8e41-abd661308f9c,"Colon, Costa Rica",Volcan Arenal,auto,200ff67e-409f-4943-8e41-abd661308f9c.geojson
1746662b-47be-4eac-a8e5-800e596fb2e5,Bijagua de Upala,Volcan Arenal,auto,1746662b-47be-4eac-a8e5-800e596fb2e5.geojson
41e7fbf2-84ef-4d98-9634-4123b1b1c621,"Liberia, Costa Rica",Hacienda Murciélago,auto,41e7fbf2-84ef-4d98-9634-4123b1b1c621.geojson
171f4c8e-6d7f-49d9-9565-e1e7181e7bef,"Liberia, Costa Rica",Museo Histórico Casona de Santa Rosa,auto,171f4c8e-6d7f-49d9-9565-e1e7181e7bef.geojson
46539c3a-a99f-4caa-9743-6013020900ae,"Colon, Costa Rica","Puerto Viejo de Talamanca, Costa Rica",auto,46539c3a-a99f-4caa-9743-6013020900ae.geojson
bd134666-8af2-42af-a9f4-191ed47e5b4b,"Puerto Viejo de Talamanca, Costa Rica",Ferry Bocas,auto,bd134666-8af2-42af-a9f4-191ed47e5b4b.geojson
1a3d0535-1cbb-4bac-9fa8-08076923c095,"Puerto Viejo de Talamanca, Costa Rica",Suretka,auto,1a3d0535-1cbb-4bac-9fa8-08076923c095.geojson
151c204e-2334-4d26-b0c8-4e7fcb9692d5,Puerto Amubri,Amubri,auto,151c204e-2334-4d26-b0c8-4e7fcb9692d5.geojson
4b2d6128-23e6-4578-a12c-150b50006a4b,"Quepos, Costa Rica",Flutterby House,auto,4b2d6128-23e6-4578-a12c-150b50006a4b.geojson
97717e4b-80cd-47f5-a374-409702b46924,"Puerto Viejo de Talamanca, Costa Rica",Refugio Nacional Gandoca-Manzanillo,auto,97717e4b-80cd-47f5-a374-409702b46924.geojson
71158606-ec1c-4648-af6a-4e4fffc616db,Barrio Conejo,"Paseo la Palmita 10-107, Bocas del Toro, Panama",boat,boat_bocas_del_toro.geojson
c7e6e38d-1b51-4ade-8a36-ef2afaf95507,Bastimentos,Bastimentos,hike,hike_bastimentos.geojson
2e2f0e92-5417-4269-b03a-a648af8145e5,"Cancun Airport, Mexico","Tulum, Mexico",auto,2e2f0e92-5417-4269-b03a-a648af8145e5.geojson
10760f95-3ee6-4cec-bc57-74854fa41fdd,"Tulum, Mexico","Coba, Mexico",auto,10760f95-3ee6-4cec-bc57-74854fa41fdd.geojson
a5bcf744-0b22-4cdc-ae1e-115067ce9279,"Tulum, Mexico","Valladolid, Yucatan, Mexico",auto,a5bcf744-0b22-4cdc-ae1e-115067ce9279.geojson
0524d37d-75ae-4121-a6f9-9b1703889aa5,"Tulum, Mexico",Centro de Visitantes Reserva de la Biosfera Sian Ka'an,auto,0524d37d-75ae-4121-a6f9-9b1703889aa5.geojson
af42eb6a-0ac7-4d18-8112-8a0d6748136a,"Tulum, Mexico",Chunyaxché,auto,af42eb6a-0ac7-4d18-8112-8a0d6748136a.geojson
ea047182-62b3-4872-9be3-fddf73d0dbfc,"Valladolid, Yucatan, Mexico",San Felipe Nuevo,auto,ea047182-62b3-4872-9be3-fddf73d0dbfc.geojson
8667840b-478f-4cae-ad55-f99675e402f2,Muyil,Muyil,boat,boat_mayan_canal_float.geojson
98d27672-5606-4b03-aa5a-66a8c7ae774e,Muyil,Muyil,hike,hike_muyil.geojson
7153c6a6-8f0f-45e5-ac67-655cc68f9059,Muyil,Muyil,boat,boat_muyil_connector.geojson
30faec23-eb4a-423e-a920-d3dda0033379,Boca Paila,"Punta Allen, Mexico",boat,boat_sian_kaan.geojson
b7551526-294d-4cd9-b55d-f1c163e15a2a,"Tulum, Mexico",Cenote Dos Ojos,auto,b7551526-294d-4cd9-b55d-f1c163e15a2a.geojson
9aa0e64f-7ebd-415a-8547-c5a01fdf21c0,"Tulum, Mexico",Playa Pescadores,auto,9aa0e64f-7ebd-415a-8547-c5a01fdf21c0.geojson
9e623fba-d165-4b43-becf-6a2a04e62f36,"San Jose del Cabo Airport, Mexico","Todos Santos, B.C.S., Mexico",auto,9e623fba-d165-4b43-becf-6a2a04e62f36.geojson
59eb0e60-47ab-47b7-a2b9-cbcf790c424b,"Todos Santos, B.C.S., Mexico","La Paz, Mexico",auto,59eb0e60-47ab-47b7-a2b9-cbcf790c424b.geojson
02e5d4e0-5358-4e80-b400-56234babf7b6,"La Paz, Mexico",Camino El Tecolote,auto,02e5d4e0-5358-4e80-b400-56234babf7b6.geojson
3136eaf7-056a-4890-b732-a768393db1ff,"La Paz, Mexico","Minero Núm. 1, 23210 El Triunfo, B.C.S., Mexico",auto,3136eaf7-056a-4890-b732-a768393db1ff.geojson
eb8da18f-39ec-4c3f-b58e-cdff0e3339fd,"Minero Núm. 1, 23210 El Triunfo, B.C.S., Mexico","Cabo Pulmo, Mexico",auto,eb8da18f-39ec-4c3f-b58e-cdff0e3339fd.geojson
c7627250-b8d7-41d0-b4e4-cdb1f43d7281,"La Paz, Mexico","Isla Lobos, B.C.S., Mexico",boat,boat_baja_espiritu_santo.geojson
44f0dad1-36d4-4737-9e54-fc85eed80bd3,"Cabo Pulmo, Mexico","Cabo Pulmo, Mexico",hike,hike_cabo_pulmo.geojson
92075b2b-709e-42a7-89fc-1b56ec351879,Olympic Hot Springs,Olympic Hot Springs,hike,hike_olympic_hot_springs.geojson
516ff302-47ee-435d-9ed6-975f273a29d0,Olympia,Elwha,auto,516ff302-47ee-435d-9ed6-975f273a29d0.geojson
fd36624b-79ff-4538-a77f-599b8772e65e,Olympia,"Ocean Park, WA",auto,fd36624b-79ff-4538-a77f-599b8772e65e.geojson
c1ca3860-784d-4ed7-9272-28649b755230,Olympia,"MQJ8+V5 Anglin, Washington",auto,c1ca3860-784d-4ed7-9272-28649b755230.geojson
b393c484-8e0b-46f2-941a-92c5814cfe4c,Mukilteo,Whidbey,boat,boat_whidbey.geojson
a8201ad1-0501-445d-a618-38c36ec89e7d,"Bellingham, WA",Deception Pass Bridge,auto,a8201ad1-0501-445d-a618-38c36ec89e7d.geojson
b21da784-7ec0-4321-be1b-dfd7887879e4,Deception Pass Bridge,"Oak Harbor, WA",auto,b21da784-7ec0-4321-be1b-dfd7887879e4.geojson
741f44b4-1364-4e69-9e63-a8428cd118db,"Oak Harbor, WA","Greenbank, WA",auto,741f44b4-1364-4e69-9e63-a8428cd118db.geojson
d82aac52-83ab-47a1-96e3-60db73d59c68,"Greenbank, WA","Midvale Corner, WA",auto,d82aac52-83ab-47a1-96e3-60db73d59c68.geojson
9772ba54-9b5b-46f0-9123-6801025687bb,"Midvale Corner, WA","6417 Deer Lake Rd, Clinton, WA 98236",auto,9772ba54-9b5b-46f0-9123-6801025687bb.geojson
5b328053-0671-4b4d-8cdf-a379b2f6ae56,Detroit,"Buffalo, NY",auto,5b328053-0671-4b4d-8cdf-a379b2f6ae56.geojson
977b35ed-141c-4769-8c08-99798fd2d041,"Buffalo, NY","Burlington, VT",auto,977b35ed-141c-4769-8c08-99798fd2d041.geojson
d65fd69d-097a-420d-b42b-2d26ee4800a5,"Beaver Dam, WI",Detroit,auto,d65fd69d-097a-420d-b42b-2d26ee4800a5.geojson
677c980f-f079-4c69-9274-ec5cefb5ce24,Pumamarca Ruins,Pumamarca Ruins,hike,hike_pumamarca.geojson
598bb0eb-4872-470b-9f47-4e3160f5f5ce,Puno,Taquile,boat,boat_lake_titicaca.geojson
fb3fac1f-30f8-4fb3-9958-13a53c1fc101,"Huayna Picchu, etc.","Huayna Picchu, etc.",hike,hike_huayna_picchu.geojson
5357ead8-d151-44fd-9d41-00dcf8c22e40,Cape Town,Simon's Town,train,train_cape_town_simons_town.geojson
1d41f5cf-04cb-4b57-bab7-14ef2ca45889,Gunung Batur,Gunung Batur,hike,hike_bali_gunung_batur.geojson
d62a3cf4-7242-4426-8142-395498ad4255,Cadidasa,Candidasa,hike,hike_candidasa.geojson
36e503e0-9f7a-4b8f-816a-6d7896803c5c,Uluwatu,Ubud,auto,36e503e0-9f7a-4b8f-816a-6d7896803c5c.geojson
90621b45-fdfa-4dca-94d6-30fd7586ca81,Uluwatu,Cemongkak Beach,auto,90621b45-fdfa-4dca-94d6-30fd7586ca81.geojson
ff828660-157e-44e5-a2e1-a38c5e19b629,Ubud,Candi Dasa,auto,ff828660-157e-44e5-a2e1-a38c5e19b629.geojson
947f6247-58bf-45ea-b394-41030aa382c5,Candi Dasa,Tenganan,auto,947f6247-58bf-45ea-b394-41030aa382c5.geojson
be0cfc15-62b4-4414-8459-e15c8e420774,Denpasar Airport,Denpasar,auto,be0cfc15-62b4-4414-8459-e15c8e420774.geojson
97173597-0211-41c1-a85d-5ddf444688f9,Denpasar,Kuta Beach,auto,97173597-0211-41c1-a85d-5ddf444688f9.geojson
7c8781f7-09ee-4c32-82db-51cfd7183c69,Denpasar,Sanur Beach,auto,7c8781f7-09ee-4c32-82db-51cfd7183c69.geojson
bb9ff53b-934b-44b9-8c99-c8fb0cf01780,Denpasar,Bali Nusa Dua Convention Center,auto,bb9ff53b-934b-44b9-8c99-c8fb0cf01780.geojson
7c8b18d6-6081-4a08-92fb-3a3aeb47fd04,Ubud,Tanah Lot,auto,7c8b18d6-6081-4a08-92fb-3a3aeb47fd04.geojson
e8e49cd5-6e7b-4a3d-8797-ec2e5b29d3c7,Ubud,Yogashala Amritagiri,auto,e8e49cd5-6e7b-4a3d-8797-ec2e5b29d3c7.geojson
8112d554-3250-432d-b102-5427920ae660,Ubud,Tirta Empul,auto,8112d554-3250-432d-b102-5427920ae660.geojson
af52e062-1b4a-4799-bd1a-50023fd3618e,Ubud,Puputan Klungkung monument,auto,af52e062-1b4a-4799-bd1a-50023fd3618e.geojson
5df95053-3615-4c38-a424-a5c2a61db719,Ubud,Besakih,auto,5df95053-3615-4c38-a424-a5c2a61db719.geojson
23ed2917-fba9-47b3-bf5e-d70b0a348bb0,Ubud,Taman Ayun Temple,auto,23ed2917-fba9-47b3-bf5e-d70b0a348bb0.geojson
7641c003-3098-48d7-ab6f-4867e6523a53,Ubud,Kintamani,auto,7641c003-3098-48d7-ab6f-4867e6523a53.geojson
41838d23-0401-486b-86dc-6c49ecd2177c,Ubud,Lovina,auto,41838d23-0401-486b-86dc-6c49ecd2177c.geojson
477b1847-ab0a-48b8-abe5-6546257fcf55,Lovina,Banyuwedang Hotspring,auto,477b1847-ab0a-48b8-abe5-6546257fcf55.geojson
123e6f09-a8b5-4050-ac2c-d72122be9214,Lovina,Brahma Vihara Arama,auto,123e6f09-a8b5-4050-ac2c-d72122be9214.geojson
694da3b8-ee12-4fb6-9b00-485784a540a5,Lovina,Banjar Hot Spring,auto,694da3b8-ee12-4fb6-9b00-485784a540a5.geojson
4204c93a-5911-45d3-a3ba-e6eb681fd834,Candi Dasa,"PF7J+5VM, Ban, Kubu, Karangasem Regency, Bali 80853, Indonesia",auto,4204c93a-5911-45d3-a3ba-e6eb681fd834.geojson
bef60e72-8558-42bd-955a-73d3b7772ed7,Ubud,Setra Dalem Puri Peliatan,auto,bef60e72-8558-42bd-955a-73d3b7772ed7.geojson
827072c7-4949-4b60-a127-d60d926134f3,Ubud,Sacred Monkey Forest Sanctuary,auto,827072c7-4949-4b60-a127-d60d926134f3.geojson
fae5995b-3aa2-4fa1-833b-aa8cae50c3d6,Banjuwedang,Menjangan Island,boat,boat_menjangan.geojson
996137b7-6d40-45d5-927f-27afc718f240,Banyuwedang Hotspring,Menjangan ferry,auto,996137b7-6d40-45d5-927f-27afc718f240.geojson
b0e1174e-f698-4fb2-a594-1a69fd270b5a,Kintamani,Jalur Daki Batur,auto,b0e1174e-f698-4fb2-a594-1a69fd270b5a.geojson
e84782a5-c23a-451c-97e9-d092e3ec5137,"Kalalau Trail, Kauai","Kalalau Trail, Kauai",hike,hike_kalalau.geojson
0890e2a1-f560-4cb0-88f8-535b0b03e4de,"Pihea Trail, Kauai","Pihea Trail, Kauai",hike,hike_kauai_pihea.geojson
0ef4fddb-344e-4eee-b840-1836c52d0845,"Mahaulepu Trail, Kauai","Mahaulepu Trail, Kauai",hike,hike_kauai_mahaulepu.geojson
94992735-230b-4d4f-b6e4-0f7ce076732b,Kahului,Hana Highway,auto,94992735-230b-4d4f-b6e4-0f7ce076732b.geojson
79d5938c-e5b7-4e22-b652-908eef6a733c,Hana Highway,Ka'eleku,auto,79d5938c-e5b7-4e22-b652-908eef6a733c.geojson
2f420c5b-b74c-4f57-b173-ac5eac63b6a0,Kahului,Wailea,auto,2f420c5b-b74c-4f57-b173-ac5eac63b6a0.geojson
7b66be90-e1d4-4432-8029-75fd1ffe7edb,Kihei,Lahaina,auto,7b66be90-e1d4-4432-8029-75fd1ffe7edb.geojson
0bb153d0-3990-4852-96dc-788ed2b1ff7b,Ka'eleku,Kahului,auto,0bb153d0-3990-4852-96dc-788ed2b1ff7b.geojson
54cc7227-b5af-4411-a6ab-39302984ae8b,Kauai,Kauai,boat,boat_kauai.geojson
3d88b83c-1bc9-4281-b58d-5ef82ddfc402,Cruz Bay,"West End, Tortola",boat,boat_stj_west_end_tortola.geojson
60fba8c7-95df-4ba3-bee7-6b68d5dc7b63,Rio Pacuare,Rio Pacuare,boat,boat_pacuare.geojson
704e0981-657c-4d57-9817-d7e84e725ab9,Hout Bay,Duiker Island,boat,boat_hout.geojson
49b8576a-59a4-44dd-bf13-512dd185f842,Alwar,Jawanpura,auto,49b8576a-59a4-44dd-bf13-512dd185f842.geojson
9d6eea0d-5a54-4a21-81b6-8ce13c9c765f,Jawanpura,Cheend,auto,9d6eea0d-5a54-4a21-81b6-8ce13c9c765f.geojson
53e2109b-7802-4666-be19-a44d92e21b78,Jawanpura,Bhamod,auto,53e2109b-7802-4666-be19-a44d92e21b78.geojson
8fe6e95b-bca0-44bf-996b-9440a01aa66a,Jodhpur,Arna Jharna Thar Desert Museum,auto,8fe6e95b-bca0-44bf-996b-9440a01aa66a.geojson
0bd6f01b-e2cb-42f7-949c-841aabeef190,Ambala,Amritsar,train,train_ambala_new_delhi.geojson
9ea435ed-9959-46df-959a-67c52f511a91,Bikaner,Karni Mata Temple,auto,9ea435ed-9959-46df-959a-67c52f511a91.geojson
10b96939-7bd5-4040-a361-d96d7cb6574f,Raipur,Jagdalpur,train,train_raipur_jagdalpur.geojson
bbf89ef7-7cca-4d12-b86d-120777a6af95,Agra,Raipur,train,train_agra_raipur.geojson
8e28a6bf-ab2d-413a-9199-7abbeb4a40fc,Visapkhapatnam,Visakhapatnam,train,train_visakhapatnam.geojson
f17e580a-d9ca-491a-aefa-3e5ce962be91,Jaipur,Sawai Madhopur,train,train_jaipur_mumbai_line.geojson
